INSERT INTO patient ( ID_PATIENT, NOM, EMAIL) VALUES(1,'jean','jean@ok.fr');
INSERT INTO patient ( ID_PATIENT, NOM, EMAIL) VALUES(2,'jack','jack@ok.fr');
INSERT INTO patient ( ID_PATIENT, NOM, EMAIL) VALUES(3,'jul','jul@ok.fr');

INSERT INTO medecin (ID_MEDECIN, NOM, SPECIALITE, EMAIL) VALUES(1,'tbib','geneco', 'tbib@ok.fr');
INSERT INTO medecin (ID_MEDECIN, NOM, SPECIALITE, EMAIL) VALUES (2, 'rjem', 'dentiste', 'rjem@ok.fr');
INSERT INTO medecin (ID_MEDECIN, NOM, SPECIALITE, EMAIL) VALUES (3, 'khalida', 'generaliste', 'khalida@ok.fr');

INSERT INTO consultation ( ID_CONSULTATION, DATE_CONSULTATION, RAPPORT_CONSULTATION, PRIX_CONSULTATION) VALUES(1,'01/05/2021','bonne sante', 50);
INSERT INTO consultation ( ID_CONSULTATION, DATE_CONSULTATION, RAPPORT_CONSULTATION, PRIX_CONSULTATION) VALUES(2,'02/05/2021','ca va sante', 50);
INSERT INTO consultation ( ID_CONSULTATION, DATE_CONSULTATION, RAPPORT_CONSULTATION, PRIX_CONSULTATION) VALUES(3,'03/05/2021','vite fait sante', 50);
INSERT INTO consultation ( ID_CONSULTATION, DATE_CONSULTATION, RAPPORT_CONSULTATION, PRIX_CONSULTATION) VALUES(4,'04/05/2021','moyen sante', 50);
INSERT INTO consultation ( ID_CONSULTATION, DATE_CONSULTATION, RAPPORT_CONSULTATION, PRIX_CONSULTATION) VALUES(5,'05/05/2021','tres bonne sante', 50);
INSERT INTO consultation ( ID_CONSULTATION, DATE_CONSULTATION, RAPPORT_CONSULTATION, PRIX_CONSULTATION) VALUES(6,'06/05/2021','mauvaise sante', 50);

INSERT INTO rendezvous ( ID_RENDEZVOUS, DATE_RENDEZVOUS) VALUES(1,'01/05/2021');
INSERT INTO rendezvous ( ID_RENDEZVOUS, DATE_RENDEZVOUS) VALUES(2,'02/05/2021');
INSERT INTO rendezvous ( ID_RENDEZVOUS, DATE_RENDEZVOUS) VALUES(3,'03/05/2021');
INSERT INTO rendezvous ( ID_RENDEZVOUS, DATE_RENDEZVOUS) VALUES(4,'04/05/2021');
INSERT INTO rendezvous ( ID_RENDEZVOUS, DATE_RENDEZVOUS) VALUES(5,'05/05/2021');
INSERT INTO rendezvous ( ID_RENDEZVOUS, DATE_RENDEZVOUS) VALUES(6,'06/05/2021');
--
INSERT INTO patient_rendezvous(PATIENT_ID_PATIENT, RENDEZVOUS_ID_RENDEZVOUS )VALUES(1,1);
INSERT INTO patient_rendezvous(PATIENT_ID_PATIENT, RENDEZVOUS_ID_RENDEZVOUS )VALUES(1,3);
INSERT INTO patient_rendezvous(PATIENT_ID_PATIENT, RENDEZVOUS_ID_RENDEZVOUS )VALUES(2,2);
INSERT INTO patient_rendezvous(PATIENT_ID_PATIENT, RENDEZVOUS_ID_RENDEZVOUS )VALUES(2,6);
INSERT INTO patient_rendezvous(PATIENT_ID_PATIENT, RENDEZVOUS_ID_RENDEZVOUS )VALUES(3,4);
INSERT INTO patient_rendezvous(PATIENT_ID_PATIENT, RENDEZVOUS_ID_RENDEZVOUS )VALUES(3,5);

INSERT INTO medecin_rendezvous(MEDECIN_ID_MEDECIN, RENDEZVOUS_ID_RENDEZVOUS )VALUES(1,4);
INSERT INTO medecin_rendezvous(MEDECIN_ID_MEDECIN, RENDEZVOUS_ID_RENDEZVOUS )VALUES(1,6);
INSERT INTO medecin_rendezvous(MEDECIN_ID_MEDECIN, RENDEZVOUS_ID_RENDEZVOUS )VALUES(2,5);
INSERT INTO medecin_rendezvous(MEDECIN_ID_MEDECIN, RENDEZVOUS_ID_RENDEZVOUS )VALUES(2,4);
INSERT INTO medecin_rendezvous(MEDECIN_ID_MEDECIN, RENDEZVOUS_ID_RENDEZVOUS )VALUES(3,1);
INSERT INTO medecin_rendezvous(MEDECIN_ID_MEDECIN, RENDEZVOUS_ID_RENDEZVOUS )VALUES(3,2);

INSERT INTO rendezvous_consultation(RENDEZVOUS_ID_RENDEZVOUS, CONSULTATION_ID_CONSULTATION )VALUES(1,1);
INSERT INTO rendezvous_consultation(RENDEZVOUS_ID_RENDEZVOUS, CONSULTATION_ID_CONSULTATION )VALUES(2,2);
INSERT INTO rendezvous_consultation(RENDEZVOUS_ID_RENDEZVOUS, CONSULTATION_ID_CONSULTATION )VALUES(3,3);
INSERT INTO rendezvous_consultation(RENDEZVOUS_ID_RENDEZVOUS, CONSULTATION_ID_CONSULTATION )VALUES(4,4);
INSERT INTO rendezvous_consultation(RENDEZVOUS_ID_RENDEZVOUS, CONSULTATION_ID_CONSULTATION )VALUES(5,5);
INSERT INTO rendezvous_consultation(RENDEZVOUS_ID_RENDEZVOUS, CONSULTATION_ID_CONSULTATION )VALUES(6,6);

