INSERT INTO order ( ID_ORDER, DATE) VALUES(1,'2017-11-15');
INSERT INTO order ( ID_ORDER, DATE) VALUES(2,'2017-11-15');
INSERT INTO order ( ID_ORDER, DATE) VALUES(3,'2017-11-15');

INSERT INTO payement ( ID, DATE_PAYEMENT, CARD_NUMBER, CARD_TYPE) VALUES(1,'2017-11-15',528562, 'visa');
INSERT INTO payement ( ID, DATE_PAYEMENT, CARD_NUMBER, CARD_TYPE) VALUES(2,'2017-11-15',528562, 'visa');
INSERT INTO payement ( ID, DATE_PAYEMENT, CARD_NUMBER, CARD_TYPE) VALUES(3,'2017-11-15',528562, 'visa');


INSERT INTO product (ID_PRODUCT, NAME, DESCRIPTION, CURRENT_PRICE, PROMOTION, SELECTED, AVAILABLE, PHOTO_NAME) VALUES(1,'t-shirt SIC','super truc en vrai',49.99, true, true , false, 'photo.png');
INSERT INTO product (ID_PRODUCT, NAME, DESCRIPTION, CURRENT_PRICE, PROMOTION, SELECTED, AVAILABLE, PHOTO_NAME) VALUES(2,'t-shirt hichem','super truc en vrai',49.99, true, true , false, 'photo.png');
INSERT INTO product (ID_PRODUCT, NAME, DESCRIPTION, CURRENT_PRICE, PROMOTION, SELECTED, AVAILABLE, PHOTO_NAME) VALUES(3,'t-shirt luc','super truc en vrai',49.99, true, true , false, 'photo.png');

INSERT INTO category ( ID_CATEGORY, NAME, PHOTO, DESCRIPTION) VALUES(1,'T-SHIRT','T-SHIRT.JPG', 'coool');
INSERT INTO category ( ID_CATEGORY, NAME, PHOTO, DESCRIPTION) VALUES(2,'PULL','PULL.JPG', 'coool');
INSERT INTO category ( ID_CATEGORY, NAME, PHOTO, DESCRIPTION) VALUES(3,'JEANS','JEANS.JPG', 'coool');


INSERT INTO client ( ID_CLIENT, NAME, EMAIL, ADDRESS, PHONE_NUMBER, USER_NAME) VALUES(1,'hichem', 'hichem@hotmail.fr', '10 quartier wallart', '0705', 'chichon');
INSERT INTO client ( ID_CLIENT, NAME, EMAIL, ADDRESS, PHONE_NUMBER, USER_NAME) VALUES(2,'tarek', 'tarek@hotmail.fr', '10 quartier wallart', '0705', 'chichon');
INSERT INTO client ( ID_CLIENT, NAME, EMAIL, ADDRESS, PHONE_NUMBER, USER_NAME) VALUES(3,'luc', 'luc@hotmail.fr', '10 quartier wallart', '0705', 'chichon');

-- INSERT INTO ORDER_CLIENT(ORDER_ID_ORDER, CLIENT_ID_CLIENT )VALUES(1,1);
-- INSERT INTO ORDER_CLIENT(ORDER_ID_ORDER, CLIENT_ID_CLIENT )VALUES(1,3);
-- INSERT INTO ORDER_CLIENT(ORDER_ID_ORDER, CLIENT_ID_CLIENT )VALUES(2,2);
-- INSERT INTO ORDER_CLIENT(ORDER_ID_ORDER, CLIENT_ID_CLIENT )VALUES(2,6);
-- INSERT INTO ORDER_CLIENT(ORDER_ID_ORDER, CLIENT_ID_CLIENT )VALUES(3,4);
-- INSERT INTO ORDER_CLIENT(ORDER_ID_ORDER, CLIENT_ID_CLIENT )VALUES(3,5);
--
-- INSERT INTO CLIENT_ORDER(CLIENT_ID_CLIENT, ORDER_ID_ORDER)VALUES(1,1);
-- INSERT INTO CLIENT_ORDER(CLIENT_ID_CLIENT, ORDER_ID_ORDER)VALUES(3,1);
-- INSERT INTO CLIENT_ORDER(CLIENT_ID_CLIENT, ORDER_ID_ORDER)VALUES(2,2);
-- INSERT INTO CLIENT_ORDER(CLIENT_ID_CLIENT, ORDER_ID_ORDER)VALUES(6,2);
-- INSERT INTO CLIENT_ORDER(CLIENT_ID_CLIENT, ORDER_ID_ORDER)VALUES(4,3);
-- INSERT INTO CLIENT_ORDER(CLIENT_ID_CLIENT, ORDER_ID_ORDER)VALUES(5,3);
--
-- INSERT INTO CLIENT_PRODUCT(CLIENT_ID_CLIENT, PRODUCT_ID_PRODUCT)VALUES(4,1);
-- INSERT INTO CLIENT_PRODUCT(CLIENT_ID_CLIENT, PRODUCT_ID_PRODUCT)VALUES(6,1);
-- INSERT INTO CLIENT_PRODUCT(CLIENT_ID_CLIENT, PRODUCT_ID_PRODUCT)VALUES(5,2);
-- INSERT INTO CLIENT_PRODUCT(CLIENT_ID_CLIENT, PRODUCT_ID_PRODUCT)VALUES(4,2);
-- INSERT INTO CLIENT_PRODUCT(CLIENT_ID_CLIENT, PRODUCT_ID_PRODUCT)VALUES(1,3);
-- INSERT INTO CLIENT_PRODUCT(CLIENT_ID_CLIENT, PRODUCT_ID_PRODUCT)VALUES(2,3);
--
-- INSERT INTO CLIENT_CATEGORY(CLIENT_ID_CLIENT, CATEGORY_ID_CATEGORY )VALUES(1,1);
-- INSERT INTO CLIENT_CATEGORY(CLIENT_ID_CLIENT, CATEGORY_ID_CATEGORY )VALUES(2,2);
-- INSERT INTO CLIENT_CATEGORY(CLIENT_ID_CLIENT, CATEGORY_ID_CATEGORY )VALUES(3,3);
-- INSERT INTO CLIENT_CATEGORY(CLIENT_ID_CLIENT, CATEGORY_ID_CATEGORY )VALUES(4,4);
-- INSERT INTO CLIENT_CATEGORY(CLIENT_ID_CLIENT, CATEGORY_ID_CATEGORY )VALUES(5,5);
-- INSERT INTO CLIENT_CATEGORY(CLIENT_ID_CLIENT, CATEGORY_ID_CATEGORY )VALUES(6,6);

--
-- INSERT INTO CATEGORY_CLIENT(CATEGORY_ID_CATEGORY, CLIENT_ID_CLIENT)VALUES(1,1);
-- INSERT INTO CATEGORY_CLIENT(CATEGORY_ID_CATEGORY, CLIENT_ID_CLIENT )VALUES(2,2);
-- INSERT INTO CATEGORY_CLIENT(CATEGORY_ID_CATEGORY, CLIENT_ID_CLIENT )VALUES(3,3);
-- INSERT INTO CATEGORY_CLIENT(CATEGORY_ID_CATEGORY, CLIENT_ID_CLIENT )VALUES(4,4);
-- INSERT INTO CATEGORY_CLIENT(CATEGORY_ID_CATEGORY, CLIENT_ID_CLIENT )VALUES(5,5);
-- INSERT INTO CATEGORY_CLIENT(CATEGORY_ID_CATEGORY, CLIENT_ID_CLIENT )VALUES(6,6);


