INSERT INTO ordre ( ID_ORDRE, NOM, EMAIL) VALUES(1,'jean','jean@ok.fr');
INSERT INTO ordre ( ID_ORDRE, NOM, EMAIL) VALUES(2,'jack','jack@ok.fr');
INSERT INTO ordre ( ID_ORDRE, NOM, EMAIL) VALUES(3,'jul','jul@ok.fr');

INSERT INTO product (ID_PRODUCT, NOM, SPECIALITE, EMAIL) VALUES(1,'tbib','geneco', 'tbib@ok.fr');
INSERT INTO product (ID_PRODUCT, NOM, SPECIALITE, EMAIL) VALUES (2, 'rjem', 'dentiste', 'rjem@ok.fr');
INSERT INTO product (ID_PRODUCT, NOM, SPECIALITE, EMAIL) VALUES (3, 'khalida', 'generaliste', 'khalida@ok.fr');

INSERT INTO category ( ID_CATEGORY, DATE_CATEGORY, RAPPORT_CATEGORY, PRIX_CATEGORY) VALUES(1,'01:05:2021','bonne sante', 50);
INSERT INTO category ( ID_CATEGORY, DATE_CATEGORY, RAPPORT_CATEGORY, PRIX_CATEGORY) VALUES(2,'02:05:2021','ca va sante', 50);
INSERT INTO category ( ID_CATEGORY, DATE_CATEGORY, RAPPORT_CATEGORY, PRIX_CATEGORY) VALUES(3,'03:05:2021','vite fait sante', 50);
INSERT INTO category ( ID_CATEGORY, DATE_CATEGORY, RAPPORT_CATEGORY, PRIX_CATEGORY) VALUES(4,'04:05:2021','moyen sante', 50);
INSERT INTO category ( ID_CATEGORY, DATE_CATEGORY, RAPPORT_CATEGORY, PRIX_CATEGORY) VALUES(5,'05:05:2021','tres bonne sante', 50);
INSERT INTO category ( ID_CATEGORY, DATE_CATEGORY, RAPPORT_CATEGORY, PRIX_CATEGORY) VALUES(6,'06:05:2021','mauvaise sante', 50);

INSERT INTO client ( ID_CLIENT, DATE_CLIENT) VALUES(1,'01:05:2021');
INSERT INTO client ( ID_CLIENT, DATE_CLIENT) VALUES(2,'02:05:2021');
INSERT INTO client ( ID_CLIENT, DATE_CLIENT) VALUES(3,'03:05:2021');
INSERT INTO client ( ID_CLIENT, DATE_CLIENT) VALUES(4,'04:05:2021');
INSERT INTO client ( ID_CLIENT, DATE_CLIENT) VALUES(5,'05:05:2021');
INSERT INTO client ( ID_CLIENT, DATE_CLIENT) VALUES(6,'06:05:2021');

-- INSERT INTO ORDRE_CLIENT(ORDRE_ID_ORDRE, CLIENT_ID_CLIENT )VALUES(1,1);
-- INSERT INTO ORDRE_CLIENT(ORDRE_ID_ORDRE, CLIENT_ID_CLIENT )VALUES(1,3);
-- INSERT INTO ORDRE_CLIENT(ORDRE_ID_ORDRE, CLIENT_ID_CLIENT )VALUES(2,2);
-- INSERT INTO ORDRE_CLIENT(ORDRE_ID_ORDRE, CLIENT_ID_CLIENT )VALUES(2,6);
-- INSERT INTO ORDRE_CLIENT(ORDRE_ID_ORDRE, CLIENT_ID_CLIENT )VALUES(3,4);
-- INSERT INTO ORDRE_CLIENT(ORDRE_ID_ORDRE, CLIENT_ID_CLIENT )VALUES(3,5);
--
-- INSERT INTO CLIENT_ORDRE(CLIENT_ID_CLIENT, ORDRE_ID_ORDRE)VALUES(1,1);
-- INSERT INTO CLIENT_ORDRE(CLIENT_ID_CLIENT, ORDRE_ID_ORDRE)VALUES(3,1);
-- INSERT INTO CLIENT_ORDRE(CLIENT_ID_CLIENT, ORDRE_ID_ORDRE)VALUES(2,2);
-- INSERT INTO CLIENT_ORDRE(CLIENT_ID_CLIENT, ORDRE_ID_ORDRE)VALUES(6,2);
-- INSERT INTO CLIENT_ORDRE(CLIENT_ID_CLIENT, ORDRE_ID_ORDRE)VALUES(4,3);
-- INSERT INTO CLIENT_ORDRE(CLIENT_ID_CLIENT, ORDRE_ID_ORDRE)VALUES(5,3);
--
-- INSERT INTO CLIENT_PRODUCT(CLIENT_ID_CLIENT, PRODUCT_ID_PRODUCT)VALUES(4,1);
-- INSERT INTO CLIENT_PRODUCT(CLIENT_ID_CLIENT, PRODUCT_ID_PRODUCT)VALUES(6,1);
-- INSERT INTO CLIENT_PRODUCT(CLIENT_ID_CLIENT, PRODUCT_ID_PRODUCT)VALUES(5,2);
-- INSERT INTO CLIENT_PRODUCT(CLIENT_ID_CLIENT, PRODUCT_ID_PRODUCT)VALUES(4,2);
-- INSERT INTO CLIENT_PRODUCT(CLIENT_ID_CLIENT, PRODUCT_ID_PRODUCT)VALUES(1,3);
-- INSERT INTO CLIENT_PRODUCT(CLIENT_ID_CLIENT, PRODUCT_ID_PRODUCT)VALUES(2,3);
--
-- INSERT INTO CLIENT_CATEGORY(CLIENT_ID_CLIENT, CATEGORY_ID_CATEGORY )VALUES(1,1);
-- INSERT INTO CLIENT_CATEGORY(CLIENT_ID_CLIENT, CATEGORY_ID_CATEGORY )VALUES(2,2);
-- INSERT INTO CLIENT_CATEGORY(CLIENT_ID_CLIENT, CATEGORY_ID_CATEGORY )VALUES(3,3);
-- INSERT INTO CLIENT_CATEGORY(CLIENT_ID_CLIENT, CATEGORY_ID_CATEGORY )VALUES(4,4);
-- INSERT INTO CLIENT_CATEGORY(CLIENT_ID_CLIENT, CATEGORY_ID_CATEGORY )VALUES(5,5);
-- INSERT INTO CLIENT_CATEGORY(CLIENT_ID_CLIENT, CATEGORY_ID_CATEGORY )VALUES(6,6);

--
-- INSERT INTO CATEGORY_CLIENT(CATEGORY_ID_CATEGORY, CLIENT_ID_CLIENT)VALUES(1,1);
-- INSERT INTO CATEGORY_CLIENT(CATEGORY_ID_CATEGORY, CLIENT_ID_CLIENT )VALUES(2,2);
-- INSERT INTO CATEGORY_CLIENT(CATEGORY_ID_CATEGORY, CLIENT_ID_CLIENT )VALUES(3,3);
-- INSERT INTO CATEGORY_CLIENT(CATEGORY_ID_CATEGORY, CLIENT_ID_CLIENT )VALUES(4,4);
-- INSERT INTO CATEGORY_CLIENT(CATEGORY_ID_CATEGORY, CLIENT_ID_CLIENT )VALUES(5,5);
-- INSERT INTO CATEGORY_CLIENT(CATEGORY_ID_CATEGORY, CLIENT_ID_CLIENT )VALUES(6,6);


