INSERT INTO patient ( ID_PATIENT, NOM, EMAIL) VALUES(1,'jean','jean@ok.fr');
INSERT INTO patient ( ID_PATIENT, NOM, EMAIL) VALUES(2,'jack','jack@ok.fr');
INSERT INTO patient ( ID_PATIENT, NOM, EMAIL) VALUES(3,'jul','jul@ok.fr');

INSERT INTO medecin (ID_MEDECIN, NOM, SPECIALITE, EMAIL) VALUES(1,'tbib','geneco', 'tbib@ok.fr');
INSERT INTO medecin (ID_MEDECIN, NOM, SPECIALITE, EMAIL) VALUES (2, 'rjem', 'dentiste', 'rjem@ok.fr');
INSERT INTO medecin (ID_MEDECIN, NOM, SPECIALITE, EMAIL) VALUES (3, 'khalida', 'generaliste', 'khalida@ok.fr');

INSERT INTO consultation ( ID_CONSULTATION, DATE_CONSULTATION, RAPPORT_CONSULTATION, PRIX_CONSULTATION) VALUES(1,'01:05:2021','bonne sante', 50);
INSERT INTO consultation ( ID_CONSULTATION, DATE_CONSULTATION, RAPPORT_CONSULTATION, PRIX_CONSULTATION) VALUES(2,'02:05:2021','ca va sante', 50);
INSERT INTO consultation ( ID_CONSULTATION, DATE_CONSULTATION, RAPPORT_CONSULTATION, PRIX_CONSULTATION) VALUES(3,'03:05:2021','vite fait sante', 50);
INSERT INTO consultation ( ID_CONSULTATION, DATE_CONSULTATION, RAPPORT_CONSULTATION, PRIX_CONSULTATION) VALUES(4,'04:05:2021','moyen sante', 50);
INSERT INTO consultation ( ID_CONSULTATION, DATE_CONSULTATION, RAPPORT_CONSULTATION, PRIX_CONSULTATION) VALUES(5,'05:05:2021','tres bonne sante', 50);
INSERT INTO consultation ( ID_CONSULTATION, DATE_CONSULTATION, RAPPORT_CONSULTATION, PRIX_CONSULTATION) VALUES(6,'06:05:2021','mauvaise sante', 50);

INSERT INTO rendezvous ( ID_RENDEZVOUS, DATE_RENDEZVOUS) VALUES(1,'01:05:2021');
INSERT INTO rendezvous ( ID_RENDEZVOUS, DATE_RENDEZVOUS) VALUES(2,'02:05:2021');
INSERT INTO rendezvous ( ID_RENDEZVOUS, DATE_RENDEZVOUS) VALUES(3,'03:05:2021');
INSERT INTO rendezvous ( ID_RENDEZVOUS, DATE_RENDEZVOUS) VALUES(4,'04:05:2021');
INSERT INTO rendezvous ( ID_RENDEZVOUS, DATE_RENDEZVOUS) VALUES(5,'05:05:2021');
INSERT INTO rendezvous ( ID_RENDEZVOUS, DATE_RENDEZVOUS) VALUES(6,'06:05:2021');

-- INSERT INTO PATIENT_RENDEZVOUS(PATIENT_ID_PATIENT, RENDEZVOUS_ID_RENDEZVOUS )VALUES(1,1);
-- INSERT INTO PATIENT_RENDEZVOUS(PATIENT_ID_PATIENT, RENDEZVOUS_ID_RENDEZVOUS )VALUES(1,3);
-- INSERT INTO PATIENT_RENDEZVOUS(PATIENT_ID_PATIENT, RENDEZVOUS_ID_RENDEZVOUS )VALUES(2,2);
-- INSERT INTO PATIENT_RENDEZVOUS(PATIENT_ID_PATIENT, RENDEZVOUS_ID_RENDEZVOUS )VALUES(2,6);
-- INSERT INTO PATIENT_RENDEZVOUS(PATIENT_ID_PATIENT, RENDEZVOUS_ID_RENDEZVOUS )VALUES(3,4);
-- INSERT INTO PATIENT_RENDEZVOUS(PATIENT_ID_PATIENT, RENDEZVOUS_ID_RENDEZVOUS )VALUES(3,5);

INSERT INTO RENDEZVOUS_PATIENT(RENDEZVOUS_ID_RENDEZVOUS, PATIENT_ID_PATIENT)VALUES(1,1);
INSERT INTO RENDEZVOUS_PATIENT(RENDEZVOUS_ID_RENDEZVOUS, PATIENT_ID_PATIENT)VALUES(3,1);
INSERT INTO RENDEZVOUS_PATIENT(RENDEZVOUS_ID_RENDEZVOUS, PATIENT_ID_PATIENT)VALUES(2,2);
INSERT INTO RENDEZVOUS_PATIENT(RENDEZVOUS_ID_RENDEZVOUS, PATIENT_ID_PATIENT)VALUES(6,2);
INSERT INTO RENDEZVOUS_PATIENT(RENDEZVOUS_ID_RENDEZVOUS, PATIENT_ID_PATIENT)VALUES(4,3);
INSERT INTO RENDEZVOUS_PATIENT(RENDEZVOUS_ID_RENDEZVOUS, PATIENT_ID_PATIENT)VALUES(5,3);

INSERT INTO rendezvous_medecin(RENDEZVOUS_ID_RENDEZVOUS, MEDECIN_ID_MEDECIN)VALUES(4,1);
INSERT INTO rendezvous_medecin(RENDEZVOUS_ID_RENDEZVOUS, MEDECIN_ID_MEDECIN)VALUES(6,1);
INSERT INTO rendezvous_medecin(RENDEZVOUS_ID_RENDEZVOUS, MEDECIN_ID_MEDECIN)VALUES(5,2);
INSERT INTO rendezvous_medecin(RENDEZVOUS_ID_RENDEZVOUS, MEDECIN_ID_MEDECIN)VALUES(4,2);
INSERT INTO rendezvous_medecin(RENDEZVOUS_ID_RENDEZVOUS, MEDECIN_ID_MEDECIN)VALUES(1,3);
INSERT INTO rendezvous_medecin(RENDEZVOUS_ID_RENDEZVOUS, MEDECIN_ID_MEDECIN)VALUES(2,3);

INSERT INTO rendezvous_consultation(RENDEZVOUS_ID_RENDEZVOUS, CONSULTATION_ID_CONSULTATION )VALUES(1,1);
INSERT INTO rendezvous_consultation(RENDEZVOUS_ID_RENDEZVOUS, CONSULTATION_ID_CONSULTATION )VALUES(2,2);
INSERT INTO rendezvous_consultation(RENDEZVOUS_ID_RENDEZVOUS, CONSULTATION_ID_CONSULTATION )VALUES(3,3);
INSERT INTO rendezvous_consultation(RENDEZVOUS_ID_RENDEZVOUS, CONSULTATION_ID_CONSULTATION )VALUES(4,4);
INSERT INTO rendezvous_consultation(RENDEZVOUS_ID_RENDEZVOUS, CONSULTATION_ID_CONSULTATION )VALUES(5,5);
INSERT INTO rendezvous_consultation(RENDEZVOUS_ID_RENDEZVOUS, CONSULTATION_ID_CONSULTATION )VALUES(6,6);

--
-- INSERT INTO consultation_rendezvous(CONSULTATION_ID_CONSULTATION, RENDEZVOUS_ID_RENDEZVOUS)VALUES(1,1);
-- INSERT INTO consultation_rendezvous(CONSULTATION_ID_CONSULTATION, RENDEZVOUS_ID_RENDEZVOUS )VALUES(2,2);
-- INSERT INTO consultation_rendezvous(CONSULTATION_ID_CONSULTATION, RENDEZVOUS_ID_RENDEZVOUS )VALUES(3,3);
-- INSERT INTO consultation_rendezvous(CONSULTATION_ID_CONSULTATION, RENDEZVOUS_ID_RENDEZVOUS )VALUES(4,4);
-- INSERT INTO consultation_rendezvous(CONSULTATION_ID_CONSULTATION, RENDEZVOUS_ID_RENDEZVOUS )VALUES(5,5);
-- INSERT INTO consultation_rendezvous(CONSULTATION_ID_CONSULTATION, RENDEZVOUS_ID_RENDEZVOUS )VALUES(6,6);


